{
  "Arrora Arrra": {
    "active_hours_me": [
      762,
      183,
      8,
      6,
      4,
      2,
      29,
      76,
      256,
      314,
      563,
      638,
      681,
      780,
      940,
      916,
      1126,
      1260,
      1465,
      2240,
      2584,
      2723,
      2545,
      1495
    ],
    "active_hours_other": [
      574,
      98,
      0,
      1,
      0,
      0,
      22,
      74,
      212,
      254,
      481,
      598,
      606,
      644,
      735,
      726,
      923,
      1059,
      1376,
      2047,
      2176,
      2363,
      2152,
      1095
    ],
    "avg_conversation_time": 1007.2845691382765,
    "avg_message_delay": 50.500854013865165,
    "avg_response_delay_me": 244.8371335504886,
    "avg_response_delay_other": 295.4003407155026,
    "char_count_me": 1007070,
    "char_count_other": 832562,
    "char_ratio_me": 0.5474301382015534,
    "chars_per_msg_me": 46.63224671235414,
    "chars_per_msg_other": 45.70498462889767,
    "chars_per_word_me": 5.540261755046129,
    "chars_per_word_other": 5.415918035452919,
    "conversations_count": 1996,
    "date_first_message_me": 1439223720,
    "date_first_message_other": 1439224740,
    "date_last_message_me": 1463509320,
    "date_last_message_other": 1463509320,
    "msg_count_me": 21596,
    "msg_count_other": 18216,
    "msg_ratio_me": 0.5424495127097357,
    "smiley_count_me": {
      "-_-": 17,
      "3:)": 3,
      ":'(": 4,
      ":(": 201,
      ":)": 171,
      ":*": 24,
      ":-(": 96,
      ":-)": 418,
      ":/": 579,
      ":3": 603,
      ";)": 7,
      "<3": 115,
      "â†’": 2,
      "ðŸŒ¸": 1,
      "ðŸ€": 1,
      "ðŸ©": 1,
      "ðŸ‘ƒ": 2,
      "ðŸ’’": 1,
      "ðŸ”œ": 2,
      "ðŸ˜€": 2,
      "ðŸ˜": 2,
      "ðŸ˜‚": 7,
      "ðŸ˜ƒ": 35,
      "ðŸ˜„": 5,
      "ðŸ˜‡": 8,
      "ðŸ˜‰": 1,
      "ðŸ˜Š": 2,
      "ðŸ˜‹": 1,
      "ðŸ˜": 4,
      "ðŸ˜": 1,
      "ðŸ˜˜": 23,
      "ðŸ˜¢": 1,
      "ðŸ˜¥": 2,
      "ðŸ˜»": 1
    },
    "smiley_count_other": {
      "-_-": 21,
      "3:)": 2,
      ":'(": 4,
      ":(": 149,
      ":)": 720,
      ":*": 43,
      ":-(": 2,
      ":/": 118,
      ":3": 259,
      ";)": 2,
      "<3": 149,
      "ðŸŽ„": 2,
      "ðŸ”¥": 5,
      "ðŸ˜ƒ": 4,
      "ðŸ˜¨": 2
    },
    "smileys_per_message_me": 0.10849231339136878,
    "smileys_per_message_other": 0.0813570487483531,
    "total_conversations_time": 2010540,
    "total_smileys_me": 2343,
    "total_smileys_other": 1482,
    "word_count_me": 181773,
    "word_count_other": 153725,
    "word_ratio_me": 0.5418005472461833,
    "words_per_msg_me": 8.416975365808483,
    "words_per_msg_other": 8.43900966183575
  },
  "Fjori Dlojmir": {
    "active_hours_me": [
      250,
      93,
      57,
      58,
      10,
      1,
      0,
      12,
      18,
      63,
      121,
      121,
      98,
      93,
      115,
      115,
      181,
      182,
      187,
      218,
      194,
      292,
      236,
      237
    ],
    "active_hours_other": [
      269,
      79,
      58,
      55,
      10,
      8,
      6,
      7,
      10,
      74,
      96,
      144,
      105,
      119,
      121,
      158,
      187,
      210,
      193,
      212,
      202,
      301,
      293,
      271
    ],
    "avg_conversation_time": 574.2489270386266,
    "avg_message_delay": 43.583061889250814,
    "avg_response_delay_me": 1591.5706806282722,
    "avg_response_delay_other": 204.18848167539267,
    "char_count_me": 117601,
    "char_count_other": 130757,
    "char_ratio_me": 0.47351404021613963,
    "chars_per_msg_me": 39.83773712737128,
    "chars_per_msg_other": 41.015370138017566,
    "chars_per_word_me": 5.536509580528223,
    "chars_per_word_other": 5.728674698795181,
    "conversations_count": 466,
    "date_first_message_me": 1409688240,
    "date_first_message_other": 1409688660,
    "date_last_message_me": 1472593560,
    "date_last_message_other": 1472593680,
    "msg_count_me": 2952,
    "msg_count_other": 3188,
    "msg_ratio_me": 0.48078175895765474,
    "smiley_count_me": {
      ":(": 3,
      ":)": 3,
      ":-)": 15,
      ":/": 53,
      ":3": 4,
      "âš½": 1,
      "ðŸ‘Œ": 2,
      "ðŸ’©": 11,
      "ðŸ˜€": 4,
      "ðŸ˜ƒ": 42,
      "ðŸ˜˜": 3
    },
    "smiley_count_other": {
      "3:)": 1,
      ":(": 9,
      ":)": 8,
      ":-)": 2,
      ":/": 66,
      ":3": 1,
      "<3": 3,
      "ðŸ’©": 31,
      "ðŸ˜˜": 3
    },
    "smileys_per_message_me": 0.047764227642276426,
    "smileys_per_message_other": 0.03889585947302384,
    "total_conversations_time": 267600,
    "total_smileys_me": 141,
    "total_smileys_other": 124,
    "word_count_me": 21241,
    "word_count_other": 22825,
    "word_ratio_me": 0.482026959560659,
    "words_per_msg_me": 7.195460704607046,
    "words_per_msg_other": 7.159661229611041
  },
  "Juraj Jarko": {
    "active_hours_me": [
      0,
      1,
      0,
      0,
      0,
      0,
      2,
      0,
      0,
      0,
      2,
      37,
      26,
      44,
      13,
      37,
      84,
      105,
      41,
      44,
      167,
      46,
      32,
      18
    ],
    "active_hours_other": [
      1,
      4,
      0,
      0,
      0,
      1,
      5,
      0,
      1,
      3,
      10,
      56,
      44,
      71,
      21,
      56,
      136,
      199,
      65,
      82,
      247,
      89,
      68,
      46
    ],
    "avg_conversation_time": 599.5488721804511,
    "avg_message_delay": 41.88025210084034,
    "avg_response_delay_me": 1428.6486486486488,
    "avg_response_delay_other": 377.2881355932203,
    "char_count_me": 39195,
    "char_count_other": 47819,
    "char_ratio_me": 0.45044475601627326,
    "chars_per_msg_me": 56.072961373390555,
    "chars_per_msg_other": 39.68381742738589,
    "chars_per_word_me": 5.584128793275395,
    "chars_per_word_other": 5.497700620832375,
    "conversations_count": 133,
    "date_first_message_me": 1409576040,
    "date_first_message_other": 1409576040,
    "date_last_message_me": 1472549280,
    "date_last_message_other": 1472549340,
    "msg_count_me": 699,
    "msg_count_other": 1205,
    "msg_ratio_me": 0.36712184873949577,
    "smiley_count_me": {
      "3:)": 1,
      ":)": 1,
      ":-(": 1,
      ":-)": 21,
      ":/": 24
    },
    "smiley_count_other": {
      ":(": 2,
      ":)": 116,
      ":/": 38,
      ":3": 1,
      ";)": 11
    },
    "smileys_per_message_me": 0.06866952789699571,
    "smileys_per_message_other": 0.13941908713692946,
    "total_conversations_time": 79740,
    "total_smileys_me": 48,
    "total_smileys_other": 168,
    "word_count_me": 7019,
    "word_count_other": 8698,
    "word_ratio_me": 0.44658649869567985,
    "words_per_msg_me": 10.0414878397711,
    "words_per_msg_other": 7.2182572614107885
  },
  "Jux Mux": {
    "active_hours_me": [
      26,
      0,
      0,
      0,
      0,
      0,
      0,
      0,
      0,
      6,
      3,
      6,
      24,
      9,
      38,
      79,
      29,
      3,
      16,
      23,
      21,
      64,
      36,
      52
    ],
    "active_hours_other": [
      43,
      0,
      0,
      0,
      0,
      0,
      0,
      0,
      0,
      8,
      10,
      18,
      40,
      11,
      45,
      109,
      55,
      18,
      19,
      51,
      46,
      94,
      63,
      70
    ],
    "avg_conversation_time": 475.05882352941177,
    "avg_message_delay": 35.57709251101321,
    "avg_response_delay_me": 251.4,
    "avg_response_delay_other": 21.176470588235293,
    "char_count_me": 23602,
    "char_count_other": 24848,
    "char_ratio_me": 0.48714138286893705,
    "chars_per_msg_me": 54.257471264367815,
    "chars_per_msg_other": 35.497142857142855,
    "chars_per_word_me": 5.949584068565667,
    "chars_per_word_other": 6.072336265884653,
    "conversations_count": 85,
    "date_first_message_me": 1412104260,
    "date_first_message_other": 1412104260,
    "date_last_message_me": 1471289820,
    "date_last_message_other": 1471290060,
    "msg_count_me": 435,